OrderID,CustomerID,order_date,Item1ID,Item1Qty,Item1Price,Item2ID,Item2Qty,Item2Price,Item3ID,Item3Qty,Item3Price,Total_Price
9652176,61567,1/11/04,81530262,8,73.88,77723903,5,28.88,96091533,10,13.19,867.34
1972326,59985,12/10/08,56984504,8,94.05,19785112,6,45.33,13652407,6,30.98,1210.26
8764024,50405,9/7/16,67084748,4,15.45,50349457,2,71.3,73091809,10,93.75,1141.9
8772231,98548,4/9/01,27992754,6,65.24,,,,,,,391.44
5577406,22875,5/10/12,50094243,1,96.11,91174406,2,81.58,42554609,6,57.74,605.71
4344160,27931,6/8/21,11518317,1,64.8,59212820,8,91.5,12816955,6,55.99,1132.74
7507301,82662,10/3/21,83963585,8,28.61,44571004,1,74.66,24371179,8,45.4,666.74
3892663,66997,10/22/06,22482010,2,11.83,65468993,5,58.21,78591374,1,66.46,381.17
9496619,70633,11/10/15,23789332,4,79.57,34289310,3,99.37,28786109,7,59.25,1031.14
5043319,51442,2/2/02,97124388,2,54.78,92648359,7,61.27,59793203,8,95.96,1306.13
5009715,74444,7/18/19,76080494,2,39.62,92705854,2,26.24,54742991,3,91.14,405.14
3754105,85101,3/20/04,32418305,6,30.77,92061929,1,88.84,28871837,6,83.54,774.7
3117028,52392,1/26/01,15630641,3,40.88,79628270,6,28.73,56837561,8,93.23,1040.86
4826132,19553,6/18/20,78654183,8,55.4,54365935,8,65.71,74355244,4,50.66,1171.52
2662038,10369,11/20/00,67127355,4,21.03,12632042,2,36.42,,,,156.96
2508610,36484,12/29/03,13576181,2,43.65,40063245,1,72.53,58012816,1,88.85,248.68
8544050,76801,8/10/18,34823011,8,14.49,46167953,7,51.78,43355643,5,31.33,635.03
6327364,19683,1/22/12,11076995,10,27.26,48274560,8,98.91,71570074,1,17.54,1081.42
1488205,86328,6/29/04,22903975,4,45.86,77885254,9,36.56,64732963,8,59.86,991.36
2503371,75223,5/29/13,69607930,4,32.75,15827310,4,91.63,98465718,9,95.8,1359.72
9840408,68927,7/27/19,42563043,9,27.99,87015305,1,74.77,,,,326.68
3372491,60840,1/30/10,81041365,4,60.9,10939298,4,80.58,46784583,1,52.03,617.95
6205292,62134,11/4/14,65417971,2,98.21,25364686,6,97.04,55514962,8,31.48,1030.5
5257192,86328,8/9/11,29957005,9,28.57,37626527,5,39.15,71641681,4,81.3,778.08
7251278,33257,7/24/08,99585563,2,42.57,65194686,7,14.82,43347247,6,33.18,387.96
4204127,90961,9/6/12,82214266,9,87.28,11319370,6,12.06,38651033,3,83.33,1107.87
9336087,80887,11/30/01,85944611,1,20.21,,,,,,,20.21
5054306,90043,5/14/17,83516510,4,32.03,10488838,5,50.76,55135286,1,20.72,402.64
5424220,42117,6/15/10,38199372,7,76.98,92290420,1,37.26,89657013,9,30.81,853.41
1444894,34133,12/10/15,55084601,4,12.71,95112352,7,60.45,95338378,6,44.64,741.83
3444694,74979,9/9/19,80397570,3,50.35,71718781,1,16.33,,,,167.38
8239488,63514,12/17/12,12077711,10,67.59,12086331,5,51.54,59799213,10,60.45,1538.1
9593097,68775,4/8/13,35311663,5,40.19,57532465,6,21.29,16879146,3,62.47,516.1
5916698,86732,11/12/10,82425867,6,72.59,32533320,10,34.18,72172433,6,69.46,1194.1
3176461,10799,10/14/00,10933935,1,24.35,75579352,10,29.74,76247562,2,46.25,414.25
6909284,25598,2/27/19,23407355,10,18.3,26463982,5,31.2,,,,339
3147928,48215,4/3/04,80871902,5,53.58,94846459,2,75.26,88733430,4,13.66,473.06
7525459,79121,4/30/03,89932220,9,47.39,79288470,1,29.28,99654173,7,19.22,590.33
8660762,66358,5/24/09,31924029,3,19.75,94122237,1,48.13,68742402,1,47.53,154.91
4347973,92023,9/4/05,65257964,10,92.72,68362074,7,67.15,,,,1397.25
6034736,76329,6/15/20,71902551,6,42.64,80975498,4,97.17,75308760,5,27.47,781.87
4978347,31725,3/28/01,11440547,4,44.16,14425090,9,78.63,11209399,3,46.9,1025.01
5383970,59088,7/12/06,54386423,9,90.3,28617012,2,31.17,78668826,9,30.63,1150.71
3547576,25154,7/10/15,69215584,8,69.12,46073534,5,42.84,82845442,4,68.19,1039.92
7603953,50634,9/10/05,10239075,8,29.9,56600893,1,35.83,,,,275.03
9404569,69807,11/1/14,45516350,10,63.28,33219324,6,88.12,80844898,9,16.38,1308.94
4955540,47297,6/14/20,80173495,3,17.23,75208056,4,59.82,83566121,7,13.66,386.59
8542791,71794,12/9/04,99863199,2,60.19,30694477,6,9.12,98714409,4,30.42,296.78
8060079,64298,11/1/11,74947414,6,36.77,85293989,3,51.48,,,,375.06
6538974,24582,12/13/20,71692569,4,78.72,15800130,3,19.29,79721222,1,11.52,384.27
7445143,28370,5/6/04,27055802,10,97.97,52326797,5,17.41,59752536,3,74.91,1291.48
8699537,20269,10/28/09,10510871,4,12.08,17734406,3,50.29,66077805,1,69.74,268.93
3161062,18365,4/8/08,74072372,4,5.55,45929596,5,40.97,,,,227.05
1807049,72159,4/4/03,99740697,5,62.14,90532287,10,17.72,69535599,5,37.76,676.7
5320906,76958,3/22/16,13097707,8,60.79,88556782,6,20.15,26039370,6,52.07,919.64
6563178,73154,7/14/13,24813295,10,55.59,68345228,4,86.74,53804767,7,98.73,1593.97
1445032,42540,12/2/04,29988183,6,65.71,98024339,6,45.55,58768258,6,76.09,1124.1
9907348,17878,6/8/20,91824866,2,54.46,31799690,8,83.85,50881325,10,69.11,1470.82
8943532,18848,2/22/01,84095604,1,49.02,22043069,8,97.1,12798801,7,89.08,1449.38
7752443,76862,12/1/02,71926351,6,69.62,,,,,,,417.72
5015466,90467,3/27/09,48253284,2,57.09,12785175,10,86.27,61757439,5,29.61,1124.93
4232110,98548,10/7/07,95227336,2,67.5,81371237,10,59.33,71355384,6,58.88,1081.58
7062823,35832,5/1/09,41187177,6,68.31,84554425,8,24.59,73830577,9,36.9,938.68
9996902,46223,9/11/11,59981046,1,74.77,55432935,3,67.16,63044519,4,29.43,393.97
4958145,82231,11/8/09,64574691,8,15.45,54733692,5,18.02,,,,213.7
8812162,38312,6/29/13,89202679,5,72.5,10996108,2,76.85,57318518,4,15.01,576.24
4214206,80581,9/1/08,91449058,10,71.18,64925519,10,26.36,81132960,5,31.24,1131.6
7833251,32165,11/21/10,58248411,8,68.93,61575780,3,6.76,49433218,4,40.09,732.08
5311337,17480,10/26/20,27741158,2,47.75,34960455,7,47.29,41739616,9,13.72,550.01
3404273,96480,8/9/09,80206214,3,26.37,,,,,,,79.11
4847533,48449,9/2/20,75584072,8,54.98,21747752,7,11.15,90819999,7,58.7,928.79
9550049,19316,10/17/07,98956090,3,98.29,64551839,4,34.19,51260324,6,60.9,797.03
4535743,11808,10/27/15,17087804,3,12.67,73364153,3,81.28,70063942,2,69.56,420.97
7436121,69959,7/24/05,80747839,8,92.83,58898010,9,89.29,66288599,4,13.11,1598.69
9171655,35735,5/26/09,34990840,5,39.91,60433263,5,24.5,22578852,5,93.65,790.3
7765877,34133,7/11/08,18853765,2,49.97,89691579,1,15.8,,,,115.74
9112553,48879,7/28/04,93765129,2,33.83,90459373,5,53.35,92126994,7,90.82,970.15
8018601,52819,8/24/14,83552750,3,86.34,63341170,3,67.65,28466888,7,56.22,855.51
5539425,17330,9/5/13,39474663,2,30.62,84231841,9,19.21,32669874,8,24.84,432.85
6061137,87833,8/21/11,67127447,9,56.1,20583759,5,44.54,45113628,3,88.73,993.79
9219010,31725,12/30/11,31515987,3,28.23,95072848,9,85.96,55083054,10,18.42,1042.53
8071633,77098,10/31/00,40470949,5,68.6,74639941,1,32.52,91110639,10,23.82,613.72
1930260,85520,4/24/21,79288382,8,88.07,95576740,6,86.5,71985963,10,72.97,1953.26
8429047,42540,8/20/06,14751092,2,30.98,10962191,4,24.02,74574850,9,82.68,902.16
6193711,17480,3/30/20,95328509,6,43.99,13220407,9,6.16,66824467,7,67.47,791.67
7152916,20262,11/7/19,95735348,8,61.46,30257866,2,88.4,22421085,3,13.36,708.56
7009689,44857,7/12/08,11917091,8,98.17,38227519,7,58.18,57073955,1,15.59,1208.21
7424361,39028,9/20/16,91666579,7,64.94,82227171,6,69.52,85863105,10,50.34,1375.1
7994344,34817,6/20/21,56004768,3,28.92,48490010,6,39.55,96961139,2,33.39,390.84
1921045,42427,8/29/18,59524415,10,52.45,37329465,8,75.92,79022724,6,23.78,1274.54
2692079,15442,6/25/12,40796292,4,88.17,99043823,1,5.35,,,,358.03
9446250,12701,6/25/18,47827206,7,63.47,92258785,4,73.36,36582842,1,22.5,760.23
8668244,73464,12/28/15,79927835,10,99.22,90235501,4,47.3,15356706,1,14.67,1196.07
4666798,34425,11/7/16,14335614,3,97.85,83608575,6,18.04,45531062,7,78.02,947.93
1849114,90505,8/4/07,49936513,7,97.74,25145462,9,96.24,39680615,5,46.29,1781.79
3958037,21062,3/10/05,95105728,4,98.06,50082682,1,35.48,32598539,5,99.4,924.72
4934569,38312,7/8/16,96435768,7,90.98,94839778,7,87.76,40135952,5,53.39,1518.13
9368690,87833,4/14/06,20667371,9,70.24,77177891,1,24.97,80064866,5,37.96,846.93
7466613,99372,8/25/07,48472919,10,38.83,96267661,5,63.71,,,,706.85
7351249,23935,8/13/13,85555479,5,71.83,18008616,8,46.5,17751008,2,93.46,918.07
2503104,86725,11/21/16,37588605,4,18.78,99681419,1,95.88,20877015,10,79.22,963.2
6010649,39547,2/28/21,90808447,9,10.04,35003666,7,41.61,,,,381.63
6389372,44857,4/19/03,54961183,6,95.87,57129556,1,99.91,99272797,10,16.49,840.03
1062805,86688,8/19/09,16936336,6,41.43,85858369,5,74.23,95609096,4,60.8,862.93
5289910,10369,3/11/14,30388526,9,77.29,22506595,6,55.07,53605732,1,32.9,1058.93
8500569,31202,5/19/12,79736034,10,67.52,31806513,10,87.93,36142159,3,10.14,1584.92
7272456,51329,4/15/03,96191611,5,79.48,87656200,8,29.16,55540857,10,64.89,1279.58
2405626,72159,6/1/10,60458576,4,15.54,73544462,9,86,84087094,8,60.87,1323.12
8192963,80887,9/21/08,40244692,1,77.61,51689425,1,33.08,,,,110.69
7432678,59173,9/11/04,10650415,3,50.88,70860806,8,17.28,39056460,5,16.59,373.83
1413876,98548,2/11/12,78019003,10,35.13,54938951,4,29.92,49200970,1,54.5,525.48
5478743,75223,11/28/10,62561923,9,68.46,84883930,3,38.05,80205921,1,33.91,764.2
1445967,80328,1/14/09,60543714,7,81.25,94182615,5,38.28,72193287,9,86.12,1535.23
3699435,61970,1/27/13,33728327,6,90.04,62194775,1,85.76,95713102,5,17.23,712.15
6102216,72596,10/19/00,26962122,9,20.1,47591680,1,43.39,66796358,3,54.45,387.64
3131209,59536,11/13/09,76891407,1,50.56,89142099,6,17.14,13071412,8,56.62,606.36
8497338,61338,10/14/07,61356688,3,63.4,73992260,5,56.52,84537858,10,45.6,928.8
5858312,45446,6/13/17,49560569,2,80.31,51943053,7,54.17,57616266,4,11.25,584.81
1471754,14816,9/18/09,35775355,6,59,86961921,9,71.67,64518444,7,80.03,1559.24
6540974,13935,3/5/03,94440227,8,57.98,80661166,9,54.92,86060071,1,34.82,992.94
4285618,63514,7/27/10,25994727,2,55.33,11064882,7,53.29,98523781,7,23.37,647.28
3809213,84144,2/7/11,45225206,3,18.98,19019800,6,45.99,55287813,9,44.42,732.66
5179638,70094,10/24/05,73183397,8,34.4,31897853,1,25.95,11547089,3,57.96,475.03
7079236,62281,1/13/09,29441253,9,94.24,56725742,10,92.43,66856457,6,30.16,1953.42
6083524,63019,3/7/06,69194663,9,20.28,40013251,10,15.1,94342140,9,46.36,750.76
2660343,19683,11/2/00,77787115,2,5.54,75475974,9,77,68149365,9,97.51,1581.67
7612158,59536,1/16/15,44712835,9,13.57,73337813,9,94.6,,,,973.53
1733604,63353,8/12/15,93046295,4,66.77,84481513,8,13.95,31494599,6,31.35,566.78
6097889,79604,1/16/13,27417054,7,42.96,36356318,1,77.51,56515807,8,40.91,705.51
2986249,61059,10/18/12,36786952,5,92.52,46820039,9,93.2,33305967,8,40.46,1625.08
6130640,99857,3/19/19,95498192,2,74.4,35064523,7,99.54,89229789,9,6.68,905.7
7408190,82782,9/7/00,75959401,6,66.84,92688840,7,67.08,83327425,1,61.07,931.67
1319807,52682,2/12/09,41922896,10,17.54,56923743,5,68.6,67754695,2,35.04,588.48
2430651,63514,12/4/04,38409984,6,28.2,59246633,2,56.57,64486484,5,74.49,654.79
6262496,85073,11/11/06,67522031,7,7.21,28628376,5,70.18,67096536,1,59.87,461.24
9027984,86725,12/22/19,68441725,6,59.67,60505064,1,10.24,32640615,9,15.36,506.5
3903989,28370,5/24/00,21500180,10,95,56741393,1,16.39,30645126,5,65.69,1294.84
7292834,62619,8/30/14,67437492,10,81.52,75699505,1,91.04,94429234,9,11.21,1007.13
2917923,31529,11/1/01,70304787,2,39.01,79783630,2,6.55,84501057,3,87.9,354.82
1820167,75142,3/26/21,69852910,4,61.26,33908854,5,24.8,,,,369.04
4193157,33924,10/4/06,29631959,6,89.04,50953492,2,79.18,98444841,8,58.42,1159.96
5851009,26438,10/14/04,10386303,10,33.85,94772604,10,26.56,88350392,1,53.28,657.38
1514104,32128,12/4/18,62959937,1,17.35,68759469,10,70.42,27529741,4,32.54,851.71
8954674,61338,6/10/07,48782027,2,97.33,41418503,3,10.73,43129725,7,82.51,804.42
5227112,94165,5/9/08,80934748,9,39.31,75822499,2,22.46,49467373,3,27.93,482.5
5077861,27931,11/11/18,80917830,4,6.01,22164110,5,31.85,48251382,4,86.83,530.61
3805074,13935,9/16/09,61512457,2,49.2,53689699,10,92.4,78240935,5,22.47,1134.75
5055359,75089,9/4/17,61317605,2,56.19,59176009,6,42.65,96504469,2,85.08,538.44
8947760,75485,9/25/02,85236027,10,14.11,56543970,4,90.32,72630682,6,81.41,990.84
3566183,69115,5/31/19,43719333,7,33.45,64375782,9,7.55,73182230,8,20.38,465.14
7234188,69115,10/8/20,89197339,3,67.07,55768603,7,35.5,11643327,7,96.47,1125
4087129,34133,3/17/17,25288728,4,82.7,45436956,3,19.68,68717196,2,64.33,518.5
2040908,59751,10/16/10,84644130,7,44.58,41038736,1,31.73,56509499,9,90.45,1157.84
9671149,50405,12/5/20,89019622,10,79.82,27753027,9,59.21,94227383,10,40.76,1738.69
9067320,26582,2/28/20,12152246,10,69.34,34370704,6,77.26,91147152,1,70.8,1227.76
5993378,80640,1/18/13,30555416,10,76.17,87337517,5,17.09,97213323,8,50.09,1247.87
7075733,63811,2/16/09,98581959,7,34.46,90251827,7,6.4,95458255,5,94.6,759.02
1207223,33710,11/1/19,90152677,5,48.12,52590478,6,43.54,52658025,2,49.86,601.56
4837549,91446,6/23/02,87661233,4,22.82,17441335,5,12.6,89581289,2,57.35,268.98
6441499,83100,5/11/18,89326918,3,82.71,13172180,8,44.78,47192237,7,53.95,984.02
6935353,63353,3/20/14,64545326,5,89.55,,,,,,,447.75
8358661,36484,7/11/15,21273573,8,84.3,81879356,6,89.19,60897948,6,73.53,1650.72
7843527,18848,3/29/13,58152935,8,11.36,35964424,6,50.47,58811030,8,96.5,1165.7
9774280,12890,4/24/01,82879524,3,95.48,96978695,3,89.71,29724722,2,31.96,619.49
4909912,36128,7/15/14,20782345,1,29.1,87571666,10,87.76,88026493,2,35.91,978.52
5722541,16373,12/7/15,53089446,10,92.86,15224726,3,79.08,64488937,9,11.67,1270.87
4474848,81552,10/14/11,94430576,8,94.78,62101129,9,80.62,99383837,5,55.34,1760.52
2577815,98651,3/18/20,78162495,7,12.43,84650250,4,76.32,86923636,9,34.42,702.07
9397468,19906,2/3/18,88537954,5,80.16,68564679,9,16.92,75563522,9,27.62,801.66
4130430,18365,4/3/19,97942961,10,38.01,45588214,8,30.09,47380602,6,87.61,1146.48
1962985,94844,7/2/03,36899919,1,28.9,36544931,4,63.49,60140627,1,64.53,347.39
2511124,61970,2/5/09,94837597,3,35.9,40332855,1,8.86,45324290,1,33.98,150.54
9669559,33931,6/20/19,98259330,3,48.23,,,,,,,144.69
9999569,88729,8/22/14,42657627,9,31.58,26286208,6,42.1,52164650,10,37.56,912.42
4437998,74995,9/20/12,65012873,2,18.1,91179318,6,33.95,61024323,10,26.17,501.6
9974413,75489,10/16/11,45720810,4,17.79,94596213,5,8.82,88989876,8,24.97,315.02
2251234,12701,4/29/19,33600673,2,18.49,33834965,3,77.12,28380427,7,60.99,695.27
3663573,63514,9/29/09,79205450,6,81.86,54455839,4,42.96,14237485,6,49.79,961.74
4849746,96416,2/17/06,78148374,10,95.3,48903520,7,30.85,22197279,9,94.97,2023.68
9343691,66358,8/12/02,55535699,9,50.03,67734405,4,32.8,59388505,2,27.54,636.55
7429174,59985,5/25/08,50279113,8,25.5,64437796,6,92.51,12855025,3,68.62,964.92
7814443,16781,4/4/00,57449128,6,67.1,24230007,6,73.04,94736449,1,17.61,858.45
3968597,21581,10/16/20,94501293,7,96.26,48583477,10,19.34,60302995,9,59.68,1404.34
7122155,45060,2/12/18,75482352,4,52.42,86879419,8,51.94,98810873,1,34.35,659.55
3904469,47024,11/13/01,34118037,7,22.86,25746194,5,71.48,42478563,9,64.14,1094.68
2874362,33924,10/7/12,33701789,7,80.57,11587115,8,77.69,28854783,5,67.72,1524.11
7402629,36441,11/11/20,90824805,8,74.86,85003759,3,10.84,32587359,4,25.62,733.88
3722711,31844,12/5/12,43596742,1,49.74,25795826,3,19.01,93440975,5,93.86,576.07
8707381,73464,3/26/07,88937963,9,98.49,49814430,10,92.58,61045343,4,12.48,1862.13
3017745,15442,8/22/10,99592349,5,88.66,20196821,9,95.02,47774437,4,48.66,1493.12
4337135,54325,5/18/17,14837203,9,71.66,51845881,9,95.87,17782271,4,70.37,1789.25
1947969,98244,2/6/07,58312493,7,39.87,66561881,1,30.56,88035495,7,28.71,510.62
3247466,62829,2/3/19,69732985,2,14.9,41445047,10,67.56,81353267,8,19.99,865.32
1550361,88390,12/21/11,14119860,8,30.09,24101923,6,99.02,90766408,2,85.39,1005.62
4948730,36402,6/30/03,47436053,9,43.36,18660094,10,42.09,45451134,1,88.55,899.69
8882625,64893,6/24/18,81696667,6,32.07,40823497,8,61.33,80822020,1,98,781.06
1784429,67411,1/13/15,99645531,2,20.89,10359320,8,11.87,96642353,8,82.37,795.7
2862802,43868,8/9/01,34129648,6,25.97,21619235,1,62.04,26005697,8,66.78,752.1
3393075,61059,3/22/04,51618541,5,18.69,58029365,9,39.87,89547710,7,55.53,840.99
3078693,75764,9/20/01,85686578,4,81.7,73762462,1,9.68,44499457,1,26.76,363.24
7251998,74000,11/3/01,62258107,7,55.88,88198324,4,8.83,34576434,10,49.37,920.18
7683715,22875,1/29/17,25530683,5,29.01,24156148,9,79.93,43949904,2,19.42,903.26
8260675,70829,8/11/09,34941432,4,36.42,92443114,6,29.33,,,,321.66
3132838,18576,4/3/17,56251157,8,43.38,91043887,10,47.63,,,,823.34
2900370,11808,12/6/17,53346297,6,6.22,65609297,8,75.45,22860999,2,62.08,765.08
2466907,48246,10/15/11,40463169,4,47.8,24380244,4,18.17,79783256,3,48.89,410.55
7738869,14785,11/15/20,13334217,10,62.02,69841990,8,30.93,95852565,7,69.55,1354.49
6594060,67834,8/30/04,15294148,2,51.13,69968764,6,55.92,75240953,4,37.75,588.78
6630427,48246,4/27/00,12565354,10,76.4,89559783,9,94.49,32166670,3,60.82,1796.87
6761383,77464,4/7/00,80339469,7,90.82,25464341,7,52.95,49138995,8,28.5,1234.39
8740429,63353,2/19/09,55979405,4,30.96,83992150,6,13.26,55778953,1,58.16,261.56
5338511,60334,3/22/19,15347584,4,74.39,,,,,,,297.56
2533527,74405,5/2/20,84549759,2,8.99,62460192,4,6.12,47345217,9,33.58,344.68
5498899,48215,7/29/05,50963435,7,74.89,84108312,7,39.11,22660169,10,54.71,1345.1
9294368,17878,2/25/17,59954431,10,41.79,75588842,6,74.8,96437572,5,23.63,984.85
8910864,92023,12/6/00,47808208,10,10.56,62580881,3,30.25,58296858,4,35.85,339.75
1341015,88390,2/25/20,22892206,6,75.89,89116144,5,32.17,24309193,4,41.1,780.59
2062363,54937,12/14/11,48933551,4,7.54,40174366,10,90.56,61202806,1,39.46,975.22
7323749,86245,6/15/09,36902942,9,35.58,64907632,9,57.64,47297497,6,51.28,1146.66
7730778,75142,11/10/06,31749752,8,87.62,66855792,3,27.19,86985781,5,22.49,894.98
4762515,79639,8/18/12,70105161,2,95.8,21405273,1,38.75,66075036,1,8.41,238.76
3485083,93377,2/8/08,90815189,2,10.44,45392575,1,22.61,25441738,5,68.75,387.24
5803260,70144,12/25/12,57060817,9,10.4,90096372,6,97.4,29436260,4,56.74,904.96
9209146,86082,1/17/11,60648039,1,84.83,87438793,5,19.62,13328038,3,51.56,337.61
9286410,50634,4/29/15,35008834,3,68.78,57979205,7,43.19,94028300,2,42.55,593.77
6805623,25023,8/19/11,52608775,3,9.94,34644099,5,45.27,86534548,1,8.02,264.19
3766850,53130,12/18/15,74686132,1,64.11,17989784,5,92.6,95320406,4,77.36,836.55
4831786,64899,6/9/16,28373675,8,63.94,,,,,,,511.52
3740012,62829,4/15/11,76986582,8,66.79,20511906,1,96.17,48547694,1,34.31,664.8
9831902,24454,1/23/02,34735173,9,73.77,36203589,1,82.25,84754807,4,70.91,1029.82
3081826,85073,9/23/09,81328140,8,11.34,71277686,7,58.98,60727699,7,47.46,835.8
7013515,76826,10/31/03,23507030,1,22.36,82391792,10,35.08,,,,373.16
6919471,70829,12/31/09,22239987,1,76.04,20016786,4,16.09,22362623,1,96.16,236.56
9328229,61063,11/2/07,17757025,7,17.86,35969380,6,6.02,59824523,2,89.16,339.46
9245019,21000,6/20/20,90481445,10,68.39,62824830,8,14.19,25370863,6,90.18,1338.5
1481834,75680,12/7/20,48203782,7,43.88,11035706,6,7.18,55013676,5,49.21,596.29
1842043,79935,5/31/01,79597007,4,6.48,51136654,10,14.64,28851429,6,98.38,762.6
1741093,98538,6/4/01,59805515,2,74.59,96213591,8,30.18,35685327,5,88.51,833.17
9444412,90141,4/1/10,94028798,2,8.76,21939271,8,70.15,97568249,3,29.26,666.5
9098546,65099,9/2/01,90415876,9,61.11,51347116,8,55.47,72977158,1,23.56,1017.31
1302947,29209,1/26/03,67178962,9,84.48,77518874,5,74.2,67174541,5,42.77,1345.17
1829201,40361,8/13/18,20541872,7,74.35,,,,,,,520.45
1254832,91393,7/10/08,19840532,1,76.08,34378252,2,91.85,46462253,4,96.72,646.66
2737174,16470,6/12/12,77823490,6,80.89,75535472,4,5.79,27360601,4,57.76,739.54
9966491,16277,10/25/09,51208786,10,88.49,40942905,7,57.2,38448923,8,13.44,1392.82
3003915,82457,12/5/00,65382773,4,54.62,81699644,3,30.04,75474024,9,90.91,1126.79
9786939,28855,12/2/13,77691252,10,72.86,81187940,2,14.29,96173045,10,18.74,944.58
4919982,21000,3/15/08,44850588,1,58.71,,,,,,,58.71
7003293,11657,2/16/20,92754945,5,93.03,80531792,1,22.37,54133202,6,26.46,646.28
9584920,62281,3/19/10,67495605,8,9.02,75157643,10,13.62,19922916,7,58.83,620.17
2851814,47297,12/29/09,86071557,8,85.55,49301350,9,47.32,72907895,5,51.73,1368.93
5867284,23935,12/25/10,13144988,1,68.07,78888833,5,97.64,61906207,1,86.21,642.48
4710705,36276,6/30/08,92999807,8,17.09,81784244,2,75.36,96022916,9,40.58,652.66
8597072,74625,2/24/09,61835977,10,94.13,89412118,6,89.82,37518564,3,82.18,1726.76
5464785,63821,5/2/11,64751916,10,23.49,69649274,4,48.4,91777802,5,13.06,493.8
3992006,72594,7/14/10,93609105,1,65.84,66931289,4,96.64,24291195,3,87.56,715.08
6274716,51442,2/19/00,19545699,3,56.73,76964996,6,37.01,66824663,6,92.48,947.13
6081702,59751,9/17/16,73191834,1,36.74,43089766,7,98.99,79659961,3,47.89,873.34
9833252,38192,12/9/09,23706101,6,23.81,32398195,7,45.53,80054695,10,6.09,522.47
9194231,59536,7/30/12,55756733,8,58.38,93467674,8,51.45,,,,878.64
6921557,33257,4/8/19,21100996,2,76.5,78763419,2,57.83,19698101,5,86.18,699.56
9047181,50073,7/29/07,52578737,2,31.42,20511159,8,66.94,26728678,4,11.7,645.16
3760131,61063,8/12/08,31057707,4,11.85,29060081,10,40,18615624,10,52.6,973.4
6379753,52624,12/22/00,59011533,10,49.75,,,,,,,497.5
2093894,90043,3/28/05,83332082,7,81.34,40122937,4,77.56,88690074,6,51.98,1191.5
2269403,52624,3/27/17,30458182,10,12.4,26365355,5,91.89,19460196,4,59.73,822.37
1193371,17878,3/17/14,31455640,4,49.06,95570216,8,26.05,,,,404.64
4198885,59173,11/26/20,90287836,5,11.08,48411464,1,35.27,35864764,9,31.28,372.19
8162803,79639,2/3/13,57872422,5,49.99,85492100,10,10.81,80184166,7,91.85,1001
9731916,46427,10/26/01,56445218,7,85.42,32558195,4,65.24,31294197,3,10.86,891.48
5176161,57546,10/23/04,90842521,1,99,89788173,7,97.04,86833035,2,55.01,888.3
2980207,75986,6/15/07,95723377,5,84.78,80938750,9,19.84,84792401,1,51.83,654.29
4752804,96358,10/5/17,34552765,5,18.7,30493344,2,93.32,15641209,3,16.19,328.71
8576328,69663,7/13/10,48309134,1,96.68,92035295,1,36.85,89261830,2,71.51,276.55
7037313,74596,12/27/01,25331645,3,99.69,33475774,3,23.84,91099090,5,93.54,838.29
1734879,37860,7/27/20,64579097,9,8.4,43997298,4,42.99,,,,247.56
6803148,78172,4/27/15,62043773,2,80.25,77797950,1,47.32,98997507,1,68.53,276.35
2622554,46589,4/5/01,23201158,7,22.77,21318264,2,73.3,22167833,10,37.79,683.89
8794269,60334,3/7/13,81629028,2,54.65,25183361,5,84.32,53649232,5,95.83,1010.05
5316960,48449,9/19/12,78257363,9,22.76,55997028,10,45.04,50612496,6,77.16,1118.2
9540173,24339,1/22/18,79141559,2,18.6,53141302,5,26.75,46655510,7,70.45,664.1
7743304,79543,4/23/04,34972794,10,15.66,44842610,1,93.47,48011552,2,27.31,304.69
1844333,99637,4/10/17,58710712,6,24.13,68394111,6,14.4,66918362,9,46.37,648.51
4733452,59088,12/15/06,71836144,1,11.25,71746889,7,39.41,13511075,10,98.68,1273.92
6533238,18495,5/25/10,34573878,2,18.76,30734835,3,62.27,11097151,3,49.28,372.17
5598217,33710,3/23/13,49040313,2,11.59,22508572,1,41.27,18172767,1,70.11,134.56
6815440,13462,1/1/18,75997792,6,46.91,49421365,5,40.63,64723923,8,57.31,943.09
4596339,74000,6/12/06,67089768,9,79.7,11431911,2,49.13,59661782,2,70.24,956.04
3619997,89071,12/21/06,11459724,4,22.13,94651751,9,5.64,41498732,2,52.66,244.6
3690687,18281,9/12/02,97502246,1,22.09,50188486,8,28.17,99817392,4,5.87,270.93
6185726,45060,3/8/15,93295062,2,10.21,84911817,4,15.18,12920396,6,41.01,327.2
6003159,62834,8/30/18,54119780,1,28.37,86860088,1,82.28,,,,110.65
7799018,36643,4/3/21,85322713,1,78.89,65728466,10,19.36,60467740,6,9.93,332.07
7522486,68775,2/17/03,63886756,4,21.07,48287923,9,52.49,91870225,9,65.31,1144.48
9854710,25747,9/11/08,44492981,10,33.77,22436773,5,69.76,67964926,1,61.51,748.01
2483183,71878,10/2/13,63170497,1,68.35,34364492,4,73.45,61740032,9,12.63,475.82
5915966,81183,3/31/04,87529497,7,27.26,93593344,10,67.3,31919114,4,59.47,1101.7
7729313,55709,11/28/03,62681557,6,23.89,73761252,10,55.82,32739973,9,13.99,827.45
9303917,31672,12/18/15,65094973,3,96.43,21268043,3,13.59,,,,330.06
3886879,75680,5/22/17,51682230,9,59.41,65792612,10,67.24,51594050,5,72.54,1569.79
6130768,54868,6/30/17,92856913,3,91.12,21379545,9,84.79,89822988,10,81.59,1852.37
7485462,41749,4/30/10,79627349,8,45.14,92366589,7,98.67,,,,1051.81
8982989,16758,8/30/12,44457061,6,76.92,97156519,9,7.96,15504271,3,79.96,773.04
5222116,91393,11/16/19,21995761,1,62.64,36667181,9,21.46,69664024,9,28.3,510.48
6493668,23696,10/5/09,80370526,3,89.16,21366941,9,74.32,82361287,8,29.78,1174.6
2275141,96381,8/23/18,27720813,10,77.61,70720516,4,55.16,52397178,9,98.24,1880.9
4799687,37860,4/18/14,39906335,8,82.12,11995560,2,81.08,81961912,8,59.04,1291.44
9971012,99621,4/5/04,44091534,2,10.63,70833799,10,19.28,52267543,1,47.81,261.87
8983526,93881,5/25/18,33652421,9,33.33,,,,,,,299.97
1226938,43868,11/5/09,83506151,3,94.04,98553459,7,68.33,13807516,9,70.37,1393.76
5690430,40875,2/19/11,98587946,8,21.37,91603659,10,55.73,70465980,5,87.64,1166.46
3721138,23447,3/20/11,96356685,7,74.61,21399567,8,21.26,75457407,9,70.98,1331.17
5208684,16470,3/5/06,33316747,1,8.18,74266049,8,82.08,28701043,3,11.7,699.92
4307661,69807,1/16/05,10701096,10,6.09,44683196,10,76.38,86826130,8,10.43,908.14
8328044,11808,5/14/00,87744730,5,8.3,,,,,,,41.5
1949434,20262,4/3/07,55844411,1,81.1,11518754,1,83.27,61895567,7,25.16,340.49
7588414,87145,4/22/17,88746405,7,89.1,69087605,2,36.92,30351201,5,18.2,788.54
3798692,98109,2/4/06,95048403,1,62.21,73382921,8,18.3,59664425,10,90.93,1117.91
5537098,98548,6/30/10,81899881,9,43.13,25528999,1,59.63,43088923,2,13.79,475.38
4771198,86830,9/24/05,45655198,4,39.22,14081259,7,19.54,71972524,7,91.43,933.67
7839464,42427,3/8/10,73991800,8,93.31,66154785,1,29.47,92993582,2,25.21,826.37
9108338,73224,3/8/17,38175100,2,30.97,11987645,8,50.44,41644623,3,52.84,623.98
4501836,64627,5/2/20,70739210,2,5.52,96572147,10,85.64,44381161,7,90.24,1499.12
1966040,46704,7/31/16,91558659,5,17.6,50461507,4,76.01,40350576,5,63.78,710.94
3969678,16572,9/17/20,52218783,5,84.31,45767003,9,82.74,41915259,8,79.78,1804.45
9476891,32117,12/30/12,95387345,8,5.18,75340633,2,94.84,83762451,5,15.67,309.47
4849009,34425,12/19/08,56562400,8,49.47,30341141,8,39,83067650,1,9.33,717.09
8289600,86732,12/9/01,24773508,2,36.74,29630565,6,48.85,98976281,10,58.91,955.68
8305591,52208,4/1/19,91529498,1,20.53,58036762,10,8.43,62520685,3,43.05,233.98
5531318,68927,3/12/10,45267850,8,38.3,77233537,5,87.08,17022652,3,95.35,1027.85
7519992,74995,3/3/07,22273188,9,45.42,47226633,4,42.27,72197811,5,74.86,952.16
1589938,21581,10/24/02,47799799,3,22.76,39188962,3,44.61,76098075,9,33.61,504.6
7271192,79604,3/1/20,34378482,3,43.94,95776596,8,47.47,34725866,7,61.76,943.9
4968419,72732,8/15/08,14891165,2,28.15,56690396,8,49.53,72942364,8,51.28,862.78
6911142,44946,2/29/08,96247406,5,93.46,86270981,9,22.53,27727527,8,93.18,1415.51
2514011,33563,7/5/17,26413657,8,72.93,91850976,2,92.76,78895759,8,84.9,1448.16
3224096,54965,9/28/21,13526249,2,89.83,14472190,5,71.78,76238100,7,19.4,674.36
5198089,63019,7/9/18,29024061,2,89.15,91192945,4,86.76,37673254,1,84.15,609.49
3700349,61232,11/14/17,51295856,10,95.76,31360287,2,55.14,60404331,1,30.11,1097.99
3405360,62829,12/2/15,92946827,2,50.47,68657356,3,70.82,57656405,4,25.52,415.48
8377538,31924,11/4/15,28427058,2,58.16,35752161,6,6.26,87324860,4,37.85,305.28
9268715,86830,3/17/17,83434022,7,97.92,64661257,3,74,28141144,5,69.65,1255.69
5758262,46427,3/31/14,19715211,10,10.98,44325325,2,81.67,74877045,8,40.72,598.9
4981424,39028,1/7/05,95406947,3,11.92,38733877,2,62.39,23213963,3,52.82,319
5657077,34817,3/16/20,59295021,6,25.61,48205115,10,30.65,86030611,8,86.37,1151.12
6633748,24454,2/21/10,42646600,6,60.41,81457798,7,86.53,44388544,2,23.21,1014.59
6258997,21062,11/3/20,31259786,10,87.92,38456794,2,20.17,36126993,10,10.61,1025.64
5940484,70144,3/27/19,54175438,8,66.37,18154768,9,65.79,,,,1123.07
5569914,54325,9/20/15,81492655,8,94.3,43836331,4,53.02,18531194,10,10.46,1071.08
5105438,70094,12/9/13,66034557,4,72.46,23022484,1,62.42,43007403,9,16.63,501.93
5274544,39968,6/1/00,38749314,4,85.45,37584425,6,59.29,46606160,1,64.94,762.48
4384443,61092,10/3/15,28061514,9,88.99,95247271,7,15.79,,,,911.44
5758479,21286,2/2/07,97381517,10,7.46,39576203,2,22.58,,,,119.76
4192419,33563,4/25/09,72473454,8,10.08,74138691,6,90.7,73305434,3,41.46,749.22
4926662,25154,5/17/10,89575933,8,67.24,19306926,5,21.46,19384478,6,95.56,1218.58
7707055,31747,10/28/08,20968100,1,98.46,24302058,7,73.36,74483102,3,25.5,688.48
9891021,55709,9/27/19,63728946,5,52.89,10666924,3,63.03,61622537,7,94.33,1113.85
7072950,13935,10/16/05,63544232,6,48.63,40569760,4,32.3,99254191,3,49.26,568.76
3323731,72732,8/31/11,42066398,3,32.44,43969304,6,40.37,11471334,3,83.88,591.18
9685839,91446,1/4/17,12522384,10,11.03,95288847,7,70.35,48816401,7,88.63,1223.16
4749155,46704,2/1/12,21605155,9,98.4,74986664,2,74.47,57468143,6,19.76,1153.1
6612067,59751,7/23/09,46504018,9,62.13,16274861,5,60.64,94889217,10,83.21,1694.47
4709680,34817,6/7/05,99155010,8,60.81,80756459,10,84.06,35471949,5,25.89,1456.53
6509956,16373,1/20/18,37521585,6,35.41,90392160,10,92.09,30652988,1,42.81,1176.17
2831408,95451,10/31/15,78123648,7,53.83,31991861,7,71.8,41286419,7,11.58,960.47
4913559,73464,7/23/07,74254523,2,76.59,77985743,2,41.63,71764070,8,88.57,945
2016113,67380,12/12/18,20277313,6,12.66,44298442,3,13.45,36709992,8,88.2,821.91
7899703,60560,5/19/15,76023709,8,60.53,87274300,8,46.46,30109746,8,86.39,1547.04
8346616,96358,7/30/06,13507031,8,96.42,67806296,6,90.15,33396441,1,62.3,1374.56
7044968,94844,6/6/05,64763770,8,85.66,17199224,10,96.54,19167987,10,35.03,2000.98
9084649,35228,8/22/06,85759103,9,10.08,90059915,4,18.95,43375756,1,89.43,255.95
6047134,51007,1/7/20,26750640,9,46.11,99304237,10,31.71,53557653,1,85.49,817.58
9689256,87833,4/9/07,18618644,2,77.71,89715467,3,99.47,15509063,6,25.41,606.29
8718694,39968,3/29/04,78620004,10,25.02,15538367,8,55.33,,,,692.84
4868639,81044,12/27/05,70701264,7,40.51,70588622,9,36.39,60729857,8,50.09,1011.8
7656703,77098,3/24/14,85135627,10,53.25,85875920,4,90.62,23392114,5,64.23,1216.13
4001481,91269,6/23/06,95111012,1,24.6,98081275,9,7.48,68249947,2,70.62,233.16
9855532,63811,12/21/00,54358096,7,44.02,32359060,8,29.24,12322357,7,43.5,846.56
8942340,21368,7/31/14,32886172,1,68.39,63104901,10,99.63,54024116,3,91.4,1338.89
2352142,77464,1/23/14,18210053,8,25.3,36992413,8,23.83,27868171,6,51.87,704.26
5879612,90505,8/25/11,27766172,9,41.4,18672953,3,85.6,17764776,10,81.04,1439.8
2041736,63821,9/12/20,91405915,9,76.91,93032922,6,58.61,54497639,9,91.75,1869.6
9844520,33257,6/10/21,73998795,7,26.87,57209132,10,97.97,84614886,9,36.95,1500.34
8758794,80443,6/28/14,33166958,10,81.53,36485681,7,80.4,72204351,8,74.73,1975.94
9662888,39028,5/27/17,33100999,2,76,22791781,10,14.2,33148506,9,32.21,583.89
5132139,76688,12/18/20,78041560,6,66.52,91762203,8,5.36,88962498,6,20.09,562.54
2443733,52624,2/13/04,32325256,3,93.37,40733511,3,80.6,37054754,9,79.84,1240.47
9105310,86328,6/25/01,84949201,4,48.95,57942816,8,56.67,96623891,3,47.89,792.83
5016153,64529,9/19/12,26004747,3,21.25,52919813,4,96.05,22163309,9,91.58,1272.17
8670560,72383,6/5/12,22793393,8,66.55,97389128,6,6.63,12036158,1,65.28,637.46
5457601,29515,9/22/12,69025142,4,25.85,45928066,10,96.72,69016861,1,52.65,1123.25
9877227,60560,6/30/19,37534650,1,67.69,,,,,,,67.69
4577286,29209,8/23/20,41852344,6,85.36,91133816,7,21.57,14523783,10,34.46,1007.75
6081711,19553,12/4/15,68496801,1,82.49,24532928,10,48.49,74358891,10,37.23,939.69
7112345,79639,5/21/17,55814610,10,35.5,57274824,4,22.76,41284619,8,98.41,1233.32
3964536,33924,3/3/11,81127613,2,61.14,76878102,6,98.85,71138535,2,80.29,875.96
8422214,93377,5/24/05,58458683,1,81.72,40358762,10,15.81,45283380,8,18.04,384.14
8409285,19316,6/2/01,88088727,1,94.93,94398014,5,85.42,27702894,9,80.98,1250.85
1326462,67192,8/29/20,66789390,10,20.16,61474255,2,86.95,54268425,3,76.89,606.17
6712967,27970,4/15/00,90310782,9,86.38,70280965,1,98.27,29057916,6,7.49,920.63
2841455,88287,7/21/07,24795961,8,25.9,83034629,1,89.36,96098526,6,31.69,486.7
7682499,74521,7/31/18,84077011,5,82.48,22124956,2,27.11,92142136,1,16.97,483.59
5119421,51007,4/4/20,74107244,7,21.97,40723016,1,48.14,56182536,2,7.67,217.27
2257585,40875,6/8/09,69786678,3,53.13,41286629,10,68.49,38142709,2,85.74,1015.77
9866576,45060,12/10/07,39754892,3,70.97,24977296,5,59.19,47296287,3,37.35,620.91
4158680,71878,6/6/02,20521537,1,60.8,64863541,3,82.25,47969062,7,61.82,740.29
5169107,85073,5/2/11,17150677,2,91.19,29482192,5,9.92,18072748,6,92.75,788.48
8981474,79543,3/14/17,68606280,9,45.09,54370981,8,16.91,94733580,6,42.19,794.23
4508332,23935,5/20/09,80387969,1,39.29,80330588,1,15.61,75031205,10,72.09,775.8
4387089,48534,4/18/05,96903779,10,60.43,23359907,6,88.26,52610902,5,95.48,1611.26
9745742,41514,9/11/08,29666829,1,26.43,68333538,8,12.64,99855206,9,92.7,961.85
8518372,90043,7/1/06,12319172,3,23.19,17929100,2,44.97,20920618,9,73.77,823.44
4971474,73950,12/19/13,12341115,2,68.09,,,,,,,136.18
5555522,96358,2/5/06,12619730,7,5.9,72348953,10,94.53,17393536,8,84.74,1664.52
3790341,86688,9/15/04,18129897,7,75.76,77732112,4,24.98,63225755,10,35.97,989.94
7728352,15642,10/23/17,58095736,10,18.14,35092415,8,21.41,72137295,9,18.26,517.02
1103469,36276,1/31/00,61680669,5,84.37,58754511,2,97.83,67860801,5,52.43,879.66
1434958,21629,3/16/13,40045449,2,53.06,82166542,6,69.24,58395040,3,18.34,576.58
4832583,75986,3/9/12,89915366,2,33.78,43590151,10,97.5,23190542,2,29.6,1101.76
5119711,36643,10/20/15,19885898,5,79.09,81730771,9,22.81,68578534,8,74.68,1198.18
9526506,98244,2/23/04,20898022,10,46.2,75447700,5,80.18,13570308,6,35.07,1073.32
8126561,35538,9/21/13,46798434,9,74.83,72856116,10,81.57,,,,1489.17
4748617,37774,8/3/09,50744147,3,43.84,54423792,4,90.89,13016653,4,63.32,748.36
5122331,31551,2/4/15,40209717,3,28.11,93455221,5,69.03,64223297,7,31.99,653.41
9953244,79935,1/9/05,46018869,10,20.3,33482572,8,8.54,20794537,3,21.87,336.93
7801782,35004,7/14/10,55894962,6,26.45,92538221,10,64.33,20891554,1,51.38,853.38
7954098,23447,8/17/15,59269626,7,16.63,44435050,6,83.54,81450084,8,74.6,1214.45
5724609,19553,1/28/07,74966979,1,70.32,81222971,6,77.75,77056670,7,48,872.82
1972656,75489,1/25/12,99149500,9,13.58,69938753,4,23.27,50966264,2,96.26,407.82
1330013,50634,7/2/08,20788757,10,95.53,24571767,6,60.48,73743681,6,36.85,1539.28
6075330,75680,8/27/09,39474074,3,69.95,27184051,8,98.16,26615100,9,16.04,1139.49
1381959,36128,6/20/07,86248565,3,65.08,27442170,7,62.27,24509592,7,62.48,1068.49
5490181,86732,4/13/19,82779431,4,52.01,92332007,10,27.77,98189998,3,17.04,536.86
3535346,45272,2/6/19,26699971,7,38.46,12654357,2,88.84,,,,446.9
2266087,40361,9/14/08,26192580,6,95.87,80499393,1,20.81,97689807,4,14.81,655.27
8806359,24454,10/12/21,75952300,6,64.78,67635705,4,70.03,35099502,4,24.3,766
4448900,28370,4/24/17,37566876,6,80.77,14656354,5,56.55,87269620,8,94.43,1522.81
8859053,90043,12/23/16,42903551,6,23.98,46047323,5,18.11,56963746,3,48.55,380.08
8924260,35228,7/1/01,71938462,10,38.52,95545193,6,69.45,37042135,6,67.24,1205.34
3707722,27205,1/2/18,19230337,6,72.5,91497530,5,19.59,10929915,9,22.64,736.71
7360989,76060,9/14/06,42301479,10,20.04,61046560,2,75.08,39807890,9,15.78,492.58
5529125,40848,2/19/14,74224700,4,21.01,91524678,4,19.33,28871002,6,46.41,439.82
6044162,35688,8/10/17,45078889,8,44.36,71956241,8,72.96,83572605,6,52.45,1253.26
9144596,15369,9/30/18,66614149,10,70.53,77344788,1,27.23,99789295,6,67.46,1137.29
8509736,75986,1/4/11,30628423,1,95.77,61977180,9,35.57,48909090,8,98.18,1201.34
4004404,39089,8/26/12,55020812,9,89.15,67150115,3,32.75,63838480,1,23.4,924
9481090,98538,4/9/07,62972855,9,74.46,74261861,8,26.14,88507087,5,16.68,962.66
3650941,61970,6/11/09,21902140,8,10.59,18541533,2,45.96,28308785,8,23.51,364.72
3644457,12701,10/11/06,37207769,1,32.64,41343232,4,10.64,72859093,7,36.29,329.23
7035255,36441,11/26/12,70034689,5,57.74,51673728,2,42.97,22726220,1,49.12,423.76
9928121,67007,6/2/16,87214370,10,45.25,55099406,4,43.24,34271444,4,5.02,645.54
5692845,12508,12/22/06,45463444,6,87.07,52626421,5,98.14,25986525,7,18.72,1144.16
8625671,36112,5/23/18,21152629,6,68.72,93483986,4,48.31,68014990,9,85.48,1374.88
3711244,11808,4/28/19,91399610,2,51.93,49748507,3,94.23,87890552,1,11.43,397.98
8137536,80989,10/4/17,75605697,7,87.5,90625396,7,98.9,27851147,6,12.15,1377.7
9760421,76958,8/2/17,62629406,7,60.43,42163297,2,17.54,13174910,7,17.61,581.36
6555718,40854,8/22/10,13417664,8,17.58,,,,,,,140.64
3496101,42117,8/8/05,26951531,3,88.56,72307602,6,99.69,69789161,3,6.71,883.95
2038263,45272,10/2/19,98817670,6,12.5,38404492,2,40.42,68437523,10,89.25,1048.34
9509283,96358,8/31/05,10568711,5,74.57,37209633,9,74.65,71272913,6,64.99,1434.64
3469839,85002,1/18/00,51900609,4,24.28,88989137,4,52.33,51025615,3,72.63,524.33
4176217,35538,3/6/17,14800286,2,33.03,44355075,3,89.96,91715100,6,83.6,837.54
2345866,83341,9/27/11,36808007,5,21.91,41627130,9,54.57,51626739,8,51.8,1015.08
4018589,67142,8/3/16,21877287,6,40.11,27937052,7,20.75,94755888,10,54.54,931.31
8028007,81183,6/8/17,90365497,6,57.39,19301249,2,55.93,69897695,5,5.43,483.35
1269110,33837,5/30/14,78125822,4,80.18,74893275,5,16.12,34367149,9,31.51,684.91
4396668,76801,9/27/08,35835074,6,52.06,55264111,4,34.16,31383332,2,92.51,634.02
1716016,44857,9/10/06,52537767,4,87.74,31198536,8,65.79,16056016,9,52.2,1347.08
5533385,46427,5/31/12,42181690,9,11.9,47419604,3,56.66,,,,277.08
4480836,40361,5/10/05,96513403,5,45.61,31521659,3,56.39,75473809,2,40.7,478.62
7019086,39028,6/12/15,88907610,8,44.1,15043032,10,60.56,10463309,10,68.48,1643.2
7929465,42361,12/23/05,81280954,2,54.33,35922003,4,62.24,80042607,1,86.3,443.92
3969467,40854,6/6/11,59460565,3,44.34,98640975,3,77.17,91423567,10,62.26,987.13
4240973,60840,10/4/15,34416139,5,62.92,78205214,9,58.59,27585546,4,25.73,944.83
9288965,90505,6/7/11,54664622,4,71.48,41895993,7,52.7,18836641,3,61.53,839.41
1209948,85508,7/5/15,49324474,10,30.04,96381513,4,90.86,79373112,9,28.07,916.47
1230539,33086,3/11/21,52637665,8,95.03,27631873,4,36.65,24936006,10,92.28,1829.64
5581174,12349,3/27/21,46123133,9,87.02,14509081,1,9.09,49373214,7,23.13,954.18
2527751,93881,10/16/16,73200244,8,68.02,90637042,6,42.03,36806872,1,69.76,866.1
7578202,49261,5/14/05,58980737,7,90.06,42929098,3,34.22,57075922,7,10.57,807.07
7166180,95451,9/15/08,83793529,9,18.74,18775190,2,75.15,93210658,10,48.15,800.46
3162090,89948,9/2/03,46039079,5,43.03,81162341,8,10.64,44750361,4,60.76,543.31
8466748,70782,4/13/04,87096846,5,11.69,91646313,8,97.76,15218350,5,5.9,870.03
7103613,70740,5/7/18,50101508,1,70.99,23181897,8,96.58,11525641,7,97.93,1529.14
8103196,29188,10/17/10,53623188,1,30.04,99829886,4,94.87,68389877,8,79.19,1043.04
2393199,26438,2/13/20,16063183,8,65.44,17542170,6,11.29,84752245,1,33.06,624.32
8416027,48449,9/21/08,65181089,6,25.01,,,,,,,150.06
8451225,50634,5/20/09,98862166,4,33.88,83916386,5,14.95,48070480,2,13.38,237.03
1319214,76065,12/25/08,72707801,7,27.89,93953666,3,7.15,12723902,9,76.85,908.33
1664493,88287,5/19/05,50502469,7,91,13405738,5,79.17,93151011,3,37.12,1144.21
5313677,98341,8/21/13,66483376,3,79.13,18391467,6,31.23,70387310,3,9.53,453.36
7735952,67834,1/18/10,38074828,8,58.35,93085810,8,60.59,58174699,10,99.74,1948.92
9464502,85101,1/11/17,35230794,6,39.53,49845199,10,31.89,79668082,10,23.95,795.58
2414740,23935,5/13/05,40425969,8,80.53,40878812,3,71.36,,,,858.32
2094233,53607,8/24/21,42119767,10,30.66,37478495,5,22.74,21710424,4,54.5,638.3
9027225,32128,6/24/00,46146948,4,51.67,84302768,2,95.21,22022144,5,57.48,684.5
3125683,74625,9/21/06,69796674,7,31.87,51831099,1,78.22,91667299,10,78.43,1085.61
8838466,69693,8/30/17,37334754,8,21.3,75010234,7,69.88,34808134,5,97.68,1147.96
5187779,93881,1/28/09,61948811,5,70.14,83354117,10,13.23,,,,483
8732968,97458,6/2/12,25105544,10,75.32,,,,,,,753.2